N,MPI,OMP,GPU,TPS,Wall_Time,CPU_Info,GPU_Name,GPU_Cap,LMP_Binary,Notes
600,1,4,True,999.108,1.8649344444274902,Intel(R) Xeon(R) W-2135 CPU @ 3.70GHz,NVIDIA GeForce GTX 1080 Ti,6.1,lmp_kokkos_61,Kokkos_GPU
2400,1,4,True,982.168,1.67098069190979,Intel(R) Xeon(R) W-2135 CPU @ 3.70GHz,NVIDIA GeForce GTX 1080 Ti,6.1,lmp_kokkos_61,Kokkos_GPU
9600,1,4,True,783.942,1.934790849685669,Intel(R) Xeon(R) W-2135 CPU @ 3.70GHz,NVIDIA GeForce GTX 1080 Ti,6.1,lmp_kokkos_61,Kokkos_GPU
38400,1,4,True,303.769,4.2417004108428955,Intel(R) Xeon(R) W-2135 CPU @ 3.70GHz,NVIDIA GeForce GTX 1080 Ti,6.1,lmp_kokkos_61,Kokkos_GPU
153600,1,4,True,97.894,12.47754979133606,Intel(R) Xeon(R) W-2135 CPU @ 3.70GHz,NVIDIA GeForce GTX 1080 Ti,6.1,lmp_kokkos_61,Kokkos_GPU
614400,1,4,True,26.552,44.12790107727051,Intel(R) Xeon(R) W-2135 CPU @ 3.70GHz,NVIDIA GeForce GTX 1080 Ti,6.1,lmp_kokkos_61,Kokkos_GPU
600,1,1,False,1597.242,0.5788133144378662,Intel(R) Xeon(R) W-2135 CPU @ 3.70GHz,NVIDIA GeForce GTX 1080 Ti,6.1,lmp_kokkos_61,
600,4,1,False,3662.071,0.5826258659362793,Intel(R) Xeon(R) W-2135 CPU @ 3.70GHz,NVIDIA GeForce GTX 1080 Ti,6.1,lmp_kokkos_61,
600,8,1,False,4065.928,0.5426061153411865,Intel(R) Xeon(R) W-2135 CPU @ 3.70GHz,NVIDIA GeForce GTX 1080 Ti,6.1,lmp_kokkos_61,
600,12,1,False,4097.61,0.6294021606445312,Intel(R) Xeon(R) W-2135 CPU @ 3.70GHz,NVIDIA GeForce GTX 1080 Ti,6.1,lmp_kokkos_61,
2400,1,1,False,480.763,0.70235276222229,Intel(R) Xeon(R) W-2135 CPU @ 3.70GHz,NVIDIA GeForce GTX 1080 Ti,6.1,lmp_kokkos_61,
2400,4,1,False,1474.915,0.5602352619171143,Intel(R) Xeon(R) W-2135 CPU @ 3.70GHz,NVIDIA GeForce GTX 1080 Ti,6.1,lmp_kokkos_61,
2400,8,1,False,1854.747,0.581275463104248,Intel(R) Xeon(R) W-2135 CPU @ 3.70GHz,NVIDIA GeForce GTX 1080 Ti,6.1,lmp_kokkos_61,
2400,12,1,False,2274.048,0.6209313869476318,Intel(R) Xeon(R) W-2135 CPU @ 3.70GHz,NVIDIA GeForce GTX 1080 Ti,6.1,lmp_kokkos_61,
9600,1,1,False,118.259,1.383948802947998,Intel(R) Xeon(R) W-2135 CPU @ 3.70GHz,NVIDIA GeForce GTX 1080 Ti,6.1,lmp_kokkos_61,
9600,4,1,False,435.602,0.7465939521789551,Intel(R) Xeon(R) W-2135 CPU @ 3.70GHz,NVIDIA GeForce GTX 1080 Ti,6.1,lmp_kokkos_61,
9600,8,1,False,576.399,0.6980245113372803,Intel(R) Xeon(R) W-2135 CPU @ 3.70GHz,NVIDIA GeForce GTX 1080 Ti,6.1,lmp_kokkos_61,
9600,12,1,False,788.775,0.7543976306915283,Intel(R) Xeon(R) W-2135 CPU @ 3.70GHz,NVIDIA GeForce GTX 1080 Ti,6.1,lmp_kokkos_61,
38400,1,1,False,29.389,4.029780387878418,Intel(R) Xeon(R) W-2135 CPU @ 3.70GHz,NVIDIA GeForce GTX 1080 Ti,6.1,lmp_kokkos_61,
38400,4,1,False,112.323,1.4257879257202148,Intel(R) Xeon(R) W-2135 CPU @ 3.70GHz,NVIDIA GeForce GTX 1080 Ti,6.1,lmp_kokkos_61,
38400,8,1,False,146.575,1.2476608753204346,Intel(R) Xeon(R) W-2135 CPU @ 3.70GHz,NVIDIA GeForce GTX 1080 Ti,6.1,lmp_kokkos_61,
38400,12,1,False,212.74,1.0848217010498047,Intel(R) Xeon(R) W-2135 CPU @ 3.70GHz,NVIDIA GeForce GTX 1080 Ti,6.1,lmp_kokkos_61,
153600,1,1,False,7.001,15.402394533157349,Intel(R) Xeon(R) W-2135 CPU @ 3.70GHz,NVIDIA GeForce GTX 1080 Ti,6.1,lmp_kokkos_61,
153600,4,1,False,26.806,4.41195821762085,Intel(R) Xeon(R) W-2135 CPU @ 3.70GHz,NVIDIA GeForce GTX 1080 Ti,6.1,lmp_kokkos_61,
153600,8,1,False,35.732,3.5067389011383057,Intel(R) Xeon(R) W-2135 CPU @ 3.70GHz,NVIDIA GeForce GTX 1080 Ti,6.1,lmp_kokkos_61,
153600,12,1,False,49.959,2.7239692211151123,Intel(R) Xeon(R) W-2135 CPU @ 3.70GHz,NVIDIA GeForce GTX 1080 Ti,6.1,lmp_kokkos_61,
614400,1,1,False,1.713,61.54354643821716,Intel(R) Xeon(R) W-2135 CPU @ 3.70GHz,NVIDIA GeForce GTX 1080 Ti,6.1,lmp_kokkos_61,
614400,4,1,False,6.667,16.21803045272827,Intel(R) Xeon(R) W-2135 CPU @ 3.70GHz,NVIDIA GeForce GTX 1080 Ti,6.1,lmp_kokkos_61,
614400,8,1,False,8.508,12.871577262878418,Intel(R) Xeon(R) W-2135 CPU @ 3.70GHz,NVIDIA GeForce GTX 1080 Ti,6.1,lmp_kokkos_61,
614400,12,1,False,12.009,9.349934339523315,Intel(R) Xeon(R) W-2135 CPU @ 3.70GHz,NVIDIA GeForce GTX 1080 Ti,6.1,lmp_kokkos_61,
