"N","MPI","OMP","GPU","TPS","Wall_Time","CPU_Info","GPU_Name","GPU_Cap","LMP_Binary","Notes"
600,1,4,"True",2486.107,0.933825492858887,"Intel(R) Core(TM) i9-14900K","NVIDIA GeForce RTX 4090",8.9,"lmp_kokkos_89_uvm_off","Kokkos_GPU"
2400,1,4,"True",2332.353,0.918755054473877,"Intel(R) Core(TM) i9-14900K","NVIDIA GeForce RTX 4090",8.9,"lmp_kokkos_89_uvm_off","Kokkos_GPU"
9600,1,4,"True",2211.887,0.976275682449341,"Intel(R) Core(TM) i9-14900K","NVIDIA GeForce RTX 4090",8.9,"lmp_kokkos_89_uvm_off","Kokkos_GPU"
38400,1,4,"True",1126.002,1.60485911369324,"Intel(R) Core(TM) i9-14900K","NVIDIA GeForce RTX 4090",8.9,"lmp_kokkos_89_uvm_off","Kokkos_GPU"
153600,1,4,"True",392.007,4.12798714637756,"Intel(R) Core(TM) i9-14900K","NVIDIA GeForce RTX 4090",8.9,"lmp_kokkos_89_uvm_off","Kokkos_GPU"
614400,1,4,"True",120.961,13.0109076499939,"Intel(R) Core(TM) i9-14900K","NVIDIA GeForce RTX 4090",8.9,"lmp_kokkos_89_uvm_off","Kokkos_GPU"
600,1,1,"False",1737.71,0.396892786026001,"Intel(R) Core(TM) i9-14900K","NVIDIA GeForce RTX 4090",8.9,"lmp_kokkos_89",
600,4,1,"False",5949.72,0.411433219909668,"Intel(R) Core(TM) i9-14900K","NVIDIA GeForce RTX 4090",8.9,"lmp_kokkos_89",
600,8,1,"False",8016.454,0.429436683654785,"Intel(R) Core(TM) i9-14900K","NVIDIA GeForce RTX 4090",8.9,"lmp_kokkos_89",
600,16,1,"False",7994.778,0.533044338226318,"Intel(R) Core(TM) i9-14900K","NVIDIA GeForce RTX 4090",8.9,"lmp_kokkos_89",
600,24,1,"False",8598.209,0.594041109085083,"Intel(R) Core(TM) i9-14900K","NVIDIA GeForce RTX 4090",8.9,"lmp_kokkos_89",
600,32,1,"False",5.582,20.1754565238953,"Intel(R) Core(TM) i9-14900K","NVIDIA GeForce RTX 4090",8.9,"lmp_kokkos_89",
2400,1,1,"False",430.669,0.649656772613525,"Intel(R) Core(TM) i9-14900K","NVIDIA GeForce RTX 4090",8.9,"lmp_kokkos_89",
2400,4,1,"False",1648.565,0.48315691947937,"Intel(R) Core(TM) i9-14900K","NVIDIA GeForce RTX 4090",8.9,"lmp_kokkos_89",
2400,8,1,"False",2836.325,0.533990144729614,"Intel(R) Core(TM) i9-14900K","NVIDIA GeForce RTX 4090",8.9,"lmp_kokkos_89",
2400,16,1,"False",1475.469,0.667546987533569,"Intel(R) Core(TM) i9-14900K","NVIDIA GeForce RTX 4090",8.9,"lmp_kokkos_89",
2400,24,1,"False",1747.509,0.787446975708008,"Intel(R) Core(TM) i9-14900K","NVIDIA GeForce RTX 4090",8.9,"lmp_kokkos_89",
2400,32,1,"False",7.59,15.1261119842529,"Intel(R) Core(TM) i9-14900K","NVIDIA GeForce RTX 4090",8.9,"lmp_kokkos_89",
9600,1,1,"False",104.75,1.34458661079407,"Intel(R) Core(TM) i9-14900K","NVIDIA GeForce RTX 4090",8.9,"lmp_kokkos_89",
9600,4,1,"False",409.893,0.636981248855591,"Intel(R) Core(TM) i9-14900K","NVIDIA GeForce RTX 4090",8.9,"lmp_kokkos_89",
9600,8,1,"False",547.424,0.610794544219971,"Intel(R) Core(TM) i9-14900K","NVIDIA GeForce RTX 4090",8.9,"lmp_kokkos_89",
9600,16,1,"False",815.62,0.665018081665039,"Intel(R) Core(TM) i9-14900K","NVIDIA GeForce RTX 4090",8.9,"lmp_kokkos_89",
9600,24,1,"False",1076.634,0.697181701660156,"Intel(R) Core(TM) i9-14900K","NVIDIA GeForce RTX 4090",8.9,"lmp_kokkos_89",
9600,32,1,"False",10.016,11.8086342811584,"Intel(R) Core(TM) i9-14900K","NVIDIA GeForce RTX 4090",8.9,"lmp_kokkos_89",
38400,1,1,"False",25.872,4.36061215400696,"Intel(R) Core(TM) i9-14900K","NVIDIA GeForce RTX 4090",8.9,"lmp_kokkos_89",
38400,4,1,"False",79.697,1.67081332206726,"Intel(R) Core(TM) i9-14900K","NVIDIA GeForce RTX 4090",8.9,"lmp_kokkos_89",
38400,8,1,"False",119.473,1.29535269737244,"Intel(R) Core(TM) i9-14900K","NVIDIA GeForce RTX 4090",8.9,"lmp_kokkos_89",
38400,16,1,"False",178.336,1.09640455245972,"Intel(R) Core(TM) i9-14900K","NVIDIA GeForce RTX 4090",8.9,"lmp_kokkos_89",
38400,24,1,"False",240.443,1.02576208114624,"Intel(R) Core(TM) i9-14900K","NVIDIA GeForce RTX 4090",8.9,"lmp_kokkos_89",
38400,32,1,"False",7.406,15.5055017471313,"Intel(R) Core(TM) i9-14900K","NVIDIA GeForce RTX 4090",8.9,"lmp_kokkos_89",
153600,1,1,"False",6.329,16.8182728290558,"Intel(R) Core(TM) i9-14900K","NVIDIA GeForce RTX 4090",8.9,"lmp_kokkos_89",
153600,4,1,"False",18.048,6.15848731994629,"Intel(R) Core(TM) i9-14900K","NVIDIA GeForce RTX 4090",8.9,"lmp_kokkos_89",
153600,8,1,"False",40.773,2.96102714538574,"Intel(R) Core(TM) i9-14900K","NVIDIA GeForce RTX 4090",8.9,"lmp_kokkos_89",
153600,16,1,"False",42.149,2.97433304786682,"Intel(R) Core(TM) i9-14900K","NVIDIA GeForce RTX 4090",8.9,"lmp_kokkos_89",
153600,24,1,"False",57.414,2.42455220222473,"Intel(R) Core(TM) i9-14900K","NVIDIA GeForce RTX 4090",8.9,"lmp_kokkos_89",
153600,32,1,"False",8.367,14.1076846122742,"Intel(R) Core(TM) i9-14900K","NVIDIA GeForce RTX 4090",8.9,"lmp_kokkos_89",
614400,1,1,"False",1.56,67.3865447044373,"Intel(R) Core(TM) i9-14900K","NVIDIA GeForce RTX 4090",8.9,"lmp_kokkos_89",
614400,4,1,"False",5.9,18.1389231681824,"Intel(R) Core(TM) i9-14900K","NVIDIA GeForce RTX 4090",8.9,"lmp_kokkos_89",
614400,8,1,"False",9.94,10.9149036407471,"Intel(R) Core(TM) i9-14900K","NVIDIA GeForce RTX 4090",8.9,"lmp_kokkos_89",
614400,16,1,"False",10.293,10.6526079177856,"Intel(R) Core(TM) i9-14900K","NVIDIA GeForce RTX 4090",8.9,"lmp_kokkos_89",
614400,24,1,"False",14.03,8.0465350151062,"Intel(R) Core(TM) i9-14900K","NVIDIA GeForce RTX 4090",8.9,"lmp_kokkos_89",
614400,32,1,"False",5.76,19.7069787979126,"Intel(R) Core(TM) i9-14900K","NVIDIA GeForce RTX 4090",8.9,"lmp_kokkos_89",
