N,Mode,MPI,OMP,Neigh,TPS_mean,TPS_std,Wall_mean,Wall_std,CPU_Info,GPU_Name,GPU_Cap,LMP_Binary,Machine
4783,GPU,1,1,half,2089.143,11.560478998150037,2.9233299096425376,0.017369842231816163,Intel(R) Core(TM) i9-14900K,NVIDIA GeForce RTX 4090,8.9,lmp_kokkos_89_dev,md69
4783,GPU,1,4,half,2098.7309999999998,6.12194419009717,2.902738014856974,0.01751513099122518,Intel(R) Core(TM) i9-14900K,NVIDIA GeForce RTX 4090,8.9,lmp_kokkos_89_dev,md69
4783,GPU,1,8,half,2092.374333333333,5.832202804734624,2.905350605646769,0.01817248537091598,Intel(R) Core(TM) i9-14900K,NVIDIA GeForce RTX 4090,8.9,lmp_kokkos_89_dev,md69
4783,CPU,1,1,none,508.2536666666667,0.2068724781652459,1.4133605162302654,0.023538632957297287,Intel(R) Core(TM) i9-14900K,NVIDIA GeForce RTX 4090,8.9,lmp_kokkos_89_dev,md69
4783,CPU,4,1,none,1268.1140000000003,4.577343407115839,0.8543058236440023,0.008242280686551933,Intel(R) Core(TM) i9-14900K,NVIDIA GeForce RTX 4090,8.9,lmp_kokkos_89_dev,md69
4783,CPU,8,1,none,2288.5483333333336,13.0257772470164,0.7106966177622477,0.0035267359455217672,Intel(R) Core(TM) i9-14900K,NVIDIA GeForce RTX 4090,8.9,lmp_kokkos_89_dev,md69
4783,CPU,16,1,none,3710.2316666666666,16.832028682115272,0.727955182393392,0.004608925969048772,Intel(R) Core(TM) i9-14900K,NVIDIA GeForce RTX 4090,8.9,lmp_kokkos_89_dev,md69
12354,GPU,1,1,half,2056.1516666666666,12.7220133714056,2.990151325861613,0.022025188827255165,Intel(R) Core(TM) i9-14900K,NVIDIA GeForce RTX 4090,8.9,lmp_kokkos_89_dev,md69
12354,GPU,1,4,half,2066.8806666666665,3.4733304222637016,2.9581656455993652,0.003916934034665727,Intel(R) Core(TM) i9-14900K,NVIDIA GeForce RTX 4090,8.9,lmp_kokkos_89_dev,md69
12354,GPU,1,8,half,2054.0093333333334,8.091158356845806,2.972749630610148,0.011602506057116529,Intel(R) Core(TM) i9-14900K,NVIDIA GeForce RTX 4090,8.9,lmp_kokkos_89_dev,md69
12354,CPU,1,1,none,233.1496666666667,0.8384351826799433,2.6037609577178955,0.01600286377325264,Intel(R) Core(TM) i9-14900K,NVIDIA GeForce RTX 4090,8.9,lmp_kokkos_89_dev,md69
12354,CPU,4,1,none,575.3916666666668,1.8976269976531814,1.3817354838053386,0.026564417117952252,Intel(R) Core(TM) i9-14900K,NVIDIA GeForce RTX 4090,8.9,lmp_kokkos_89_dev,md69
12354,CPU,8,1,none,958.084,151.31703074230165,1.0693941116333008,0.09114954588563827,Intel(R) Core(TM) i9-14900K,NVIDIA GeForce RTX 4090,8.9,lmp_kokkos_89_dev,md69
12354,CPU,16,1,none,1787.1473333333333,14.772716074649919,0.9134528636932373,0.002104098924453853,Intel(R) Core(TM) i9-14900K,NVIDIA GeForce RTX 4090,8.9,lmp_kokkos_89_dev,md69
28423,GPU,1,1,half,2008.667666666667,7.237338246129557,3.146691640218099,0.018907905832440106,Intel(R) Core(TM) i9-14900K,NVIDIA GeForce RTX 4090,8.9,lmp_kokkos_89_dev,md69
28423,GPU,1,4,half,2003.9620000000002,10.336921817768864,3.1381727854410806,0.021244264220088165,Intel(R) Core(TM) i9-14900K,NVIDIA GeForce RTX 4090,8.9,lmp_kokkos_89_dev,md69
28423,GPU,1,8,half,2011.4449999999997,6.998306795218369,3.133916695912679,0.020641159602980345,Intel(R) Core(TM) i9-14900K,NVIDIA GeForce RTX 4090,8.9,lmp_kokkos_89_dev,md69
28423,CPU,1,1,none,113.54766666666667,2.367181493300045,4.934905131657918,0.11571344169397658,Intel(R) Core(TM) i9-14900K,NVIDIA GeForce RTX 4090,8.9,lmp_kokkos_89_dev,md69
28423,CPU,4,1,none,289.25733333333335,3.3644538272289566,2.3162798086802163,0.02251177087636389,Intel(R) Core(TM) i9-14900K,NVIDIA GeForce RTX 4090,8.9,lmp_kokkos_89_dev,md69
28423,CPU,8,1,none,545.3136666666667,8.733600797431063,1.5463403065999348,0.01662093677517136,Intel(R) Core(TM) i9-14900K,NVIDIA GeForce RTX 4090,8.9,lmp_kokkos_89_dev,md69
28423,CPU,16,1,none,791.9243333333334,132.0794325682676,1.3801570733388264,0.11783212157295289,Intel(R) Core(TM) i9-14900K,NVIDIA GeForce RTX 4090,8.9,lmp_kokkos_89_dev,md69
78050,GPU,1,1,half,1169.1343333333334,0.9342920076482838,5.240766286849976,0.024789706802902274,Intel(R) Core(TM) i9-14900K,NVIDIA GeForce RTX 4090,8.9,lmp_kokkos_89_dev,md69
78050,GPU,1,4,half,1170.911,2.5729220742183703,5.1947652498881025,0.009142347871505524,Intel(R) Core(TM) i9-14900K,NVIDIA GeForce RTX 4090,8.9,lmp_kokkos_89_dev,md69
78050,GPU,1,8,half,1167.0446666666667,6.858487215770599,5.204452832539876,0.047536580717317055,Intel(R) Core(TM) i9-14900K,NVIDIA GeForce RTX 4090,8.9,lmp_kokkos_89_dev,md69
78050,CPU,1,1,none,50.63066666666666,0.07993469556804218,10.602629741032919,0.0051063826272731505,Intel(R) Core(TM) i9-14900K,NVIDIA GeForce RTX 4090,8.9,lmp_kokkos_89_dev,md69
78050,CPU,4,1,none,124.83999999999999,0.8809998108210196,4.924679597218831,0.024718831819864416,Intel(R) Core(TM) i9-14900K,NVIDIA GeForce RTX 4090,8.9,lmp_kokkos_89_dev,md69
78050,CPU,8,1,none,223.78966666666665,8.865814131946497,3.1663269996643066,0.06859528027900287,Intel(R) Core(TM) i9-14900K,NVIDIA GeForce RTX 4090,8.9,lmp_kokkos_89_dev,md69
78050,CPU,16,1,none,360.221,2.083874436396454,2.4815343221028647,0.10899990865619875,Intel(R) Core(TM) i9-14900K,NVIDIA GeForce RTX 4090,8.9,lmp_kokkos_89_dev,md69
269380,GPU,1,1,half,594.965,1.6461087448889864,10.230560779571533,0.041766739007901274,Intel(R) Core(TM) i9-14900K,NVIDIA GeForce RTX 4090,8.9,lmp_kokkos_89_dev,md69
269380,GPU,1,4,half,599.652,2.029266369898257,10.088382959365845,0.019502964443583695,Intel(R) Core(TM) i9-14900K,NVIDIA GeForce RTX 4090,8.9,lmp_kokkos_89_dev,md69
269380,GPU,1,8,half,596.437,0.5576384730869005,10.131683429082235,0.031321881418820745,Intel(R) Core(TM) i9-14900K,NVIDIA GeForce RTX 4090,8.9,lmp_kokkos_89_dev,md69
269380,CPU,1,1,none,16.736333333333334,0.016679994670929153,31.485475699106853,0.14841062520144474,Intel(R) Core(TM) i9-14900K,NVIDIA GeForce RTX 4090,8.9,lmp_kokkos_89_dev,md69
269380,CPU,4,1,none,40.11599999999999,0.28495730674377556,14.540136814117432,0.08967105924739133,Intel(R) Core(TM) i9-14900K,NVIDIA GeForce RTX 4090,8.9,lmp_kokkos_89_dev,md69
269380,CPU,8,1,none,67.79066666666667,0.3573740648427372,9.537178754806519,0.032423559122016984,Intel(R) Core(TM) i9-14900K,NVIDIA GeForce RTX 4090,8.9,lmp_kokkos_89_dev,md69
269380,CPU,16,1,none,101.53433333333334,0.18331454449176457,7.225117842356364,0.07815932146814698,Intel(R) Core(TM) i9-14900K,NVIDIA GeForce RTX 4090,8.9,lmp_kokkos_89_dev,md69
